Barcode,Human readable name,Expt readout,RNA type,start_pos,end_pos,k_deg per hour,k_deg_err per hour,RNA_sequence
1220183B1,hHBB_10383581_START_reference_hHBB,BioAnalyzer,Nluc-final24-PSU,1,880,0.54516,0.00914,GGGACAUUUGCUUCUGACACAACUGUGUUCACUAGCAACCUCAAACAGACACCAUGGCCGUUUACCCAUACGAUGUUCCUGACUAUGCGGGCUAUCCCUAUGACGUCCCGGACUAUGCAGGCUCCUAUCCAUAUGACGUUCCAGAUUACGCUGGAUCUGGCGUCUUCACACUCGAAGAUUUCGUUGGGGACUGGCGACAGACAGCCGGCUACAACCUGGACCAAGUCCUUGAACAGGGAGGUGUGUCCAGUUUGUUUCAGAAUCUCGGGGUGUCCGUAACUCCGAUCCAAAGGAUUGUCCUGAGCGGUGAAAAUGGGCUGAAGAUCGACAUCCAUGUCAUCAUCCCGUAUGAAGGUCUGAGCGGCGACCAAAUGGGCCAGAUCGAAAAAAUUUUUAAGGUGGUGUACCCUGUGGAUGAUCAUCACUUUAAGGUGAUCCUGCACUAUGGCACACUGGUAAUCGACGGGGUUACGCCGAACAUGAUCGACUAUUUCGGACGGCCGUAUGAAGGCAUCGCCGUGUUCGACGGCAAAAAGAUCACUGUAACAGGGACCCUGUGGAACGGCAACAAAAUUAUCGACGAGCGCCUGAUCAACCCCGACGGCUCCCUGCUGUUCCGAGUAACCAUCAACGGAGUGACCGGCUGGCGGCUGUGCGAACGCAUUCUGGCGUAAUUCUAGAGCGGCCGCUUCGAGCCCUGACAAUCGCUGAUCUCACGCCGUGGUGAGCUCGCUUUCUUGCUGUCCAAUUUCUAUUAAAGGUUCCUUUGUUCCCUAAGUCCAACUACUAAACUGGGGGAUAUUAUGAAGGGCCUUGAGCAUCUGGAUUCUGCCUAAUAAAAAACAUUUAUUUUCAUUGCAAAGUUCCGCGUACGUACGGCGUC
1220184B1,hHBB_10383601_LinearDesign-beamsize50-USETHISONE_hHBB,BioAnalyzer,Nluc-final24-PSU,1,880,0.32881,0.08444,GGGACAUUUGCUUCUGACACAACUGUGUUCACUAGCAACCUCAAACAGACACCAUGGCCGUGUACCCCUACGAUGUCCCCGACUACGCCGGAUACCCGUAUGAUGUGCCAGAUUAUGCGGGUUCCUACCCGUAUGAUGUGCCAGAUUAUGCGGGAUCCGGCGUAUUCACGUUGGAGGACUUCGUAGGGGACUGGAGACAGACUGCUGGCUACAACCUGGACCAGGUGCUGGAACAGGGGGGAGUCAGCAGUCUGUUCCAGAACCUUGGAGUCUCGGUCACCCCCAUCCAGCGGAUAGUCCUCUCGGGGGAGAAUGGCUUGAAGAUCGACAUUCAUGUCAUUAUCCCCUACGAGGGACUGUCCGGUGACCAGAUGGGGCAGAUCGAGAAGAUCUUCAAGGUUGUGUACCCCGUCGAUGAUCACCAUUUCAAAGUGAUCCUGCACUAUGGUACUCUUGUCAUCGACGGGGUGACCCCUAAUAUGAUCGACUAUUUUGGUCGACCAUAUGAGGGGAUCGCCGUGUUCGAUGGCAAGAAGAUCACUGUGACAGGAACACUUUGGAAUGGUAACAAGAUCAUCGACGAGCGCUUGAUCAACCCCGACGGGUCACUCCUGUUUAGGGUGACCAUAAACGGAGUGACCGGUUGGCGGUUGUGCGAGCGCAUACUGGCCUAAUUCUAGAGCGGCCGCUUCGAGCGGACACAAUCGCUGAUCUCACGCCGUGGUGAGCUCGCUUUCUUGCUGUCCAAUUUCUAUUAAAGGUUCCUUUGUUCCCUAAGUCCAACUACUAAACUGGGGGAUAUUAUGAAGGGCCUUGAGCAUCUGGAUUCUGCCUAAUAAAAAACAUUUAUUUUCAUUGCAAAGUUCCGCGUACGUACGGCGUC
1220185B1,hHBB_10383653_GC_rich_2_hHBB,BioAnalyzer,Nluc-final24-PSU,1,880,0.55478,0.01134,GGGACAUUUGCUUCUGACACAACUGUGUUCACUAGCAACCUCAAACAGACACCAUGGCGGUCUACCCCUACGACGUGCCCGACUACGCCGGCUACCCCUACGACGUCCCGGACUACGCGGGCAGCUACCCGUACGACGUGCCGGACUACGCGGGCAGCGGCGUCUUCACGCUGGAGGACUUCGUCGGCGACUGGCGCCAGACCGCGGGCUACAACCUCGACCAGGUGCUGGAGCAGGGGGGCGUGAGCUCCCUGUUCCAGAACCUCGGCGUCUCGGUCACGCCGAUCCAGCGGAUCGUGCUGUCCGGCGAGAACGGGCUGAAGAUCGACAUCCACGUGAUCAUCCCGUACGAGGGCCUGUCCGGGGACCAGAUGGGCCAGAUCGAGAAGAUCUUCAAGGUCGUCUACCCGGUGGACGACCACCACUUCAAGGUGAUCCUCCACUACGGGACGCUGGUGAUCGACGGGGUCACGCCGAACAUGAUCGACUACUUCGGCCGCCCCUACGAGGGGAUCGCCGUCUUCGACGGCAAGAAGAUCACGGUCACCGGGACGCUCUGGAACGGGAACAAGAUCAUCGACGAGCGCCUGAUCAACCCGGACGGCAGCCUCCUCUUCCGCGUGACCAUCAACGGCGUCACGGGGUGGCGCCUCUGCGAGCGCAUCCUGGCCUGAUUCUAGAGCGGCCGCUUCGAGCCCACACAAUCGCUGAUCUCACGCCGUGGUGAGCUCGCUUUCUUGCUGUCCAAUUUCUAUUAAAGGUUCCUUUGUUCCCUAAGUCCAACUACUAAACUGGGGGAUAUUAUGAAGGGCCUUGAGCAUCUGGAUUCUGCCUAAUAAAAAACAUUUAUUUUCAUUGCAAAGUUCCGCGUACGUACGGCGUC
1220186B1,hHBB_10383651_GC_rich_1_hHBB,BioAnalyzer,Nluc-final24-PSU,1,880,0.54883,0.01563,GGGACAUUUGCUUCUGACACAACUGUGUUCACUAGCAACCUCAAACAGACACCAUGGCCGUGUACCCCUACGACGUGCCGGACUACGCCGGCUACCCCUACGACGUGCCGGACUACGCGGGGUCCUACCCCUACGACGUGCCCGACUACGCGGGCAGCGGCGUCUUCACCCUGGAGGACUUCGUCGGGGACUGGCGGCAGACCGCGGGCUACAACCUGGACCAGGUGCUGGAGCAGGGCGGCGUGUCCUCGCUCUUCCAGAACCUCGGCGUCAGCGUCACCCCCAUCCAGCGCAUCGUCCUGUCGGGCGAGAACGGCCUCAAGAUCGACAUCCACGUGAUCAUCCCCUACGAGGGCCUGAGCGGCGACCAGAUGGGCCAGAUCGAGAAGAUCUUCAAGGUGGUCUACCCCGUGGACGACCACCACUUCAAGGUGAUCCUCCACUACGGGACGCUCGUGAUCGACGGCGUCACCCCCAACAUGAUCGACUACUUCGGGCGCCCGUACGAGGGGAUCGCCGUCUUCGACGGGAAGAAGAUCACGGUGACGGGCACGCUCUGGAACGGGAACAAGAUCAUCGACGAGCGCCUCAUCAACCCCGACGGGUCCCUGCUCUUCCGGGUGACGAUCAACGGGGUCACCGGCUGGCGGCUCUGCGAGCGGAUCCUGGCCUGAUUCUAGAGCGGCCGCUUCGAGCGAGCACAAUCGCUGAUCUCACGCCGUGGUGAGCUCGCUUUCUUGCUGUCCAAUUUCUAUUAAAGGUUCCUUUGUUCCCUAAGUCCAACUACUAAACUGGGGGAUAUUAUGAAGGGCCUUGAGCAUCUGGAUUCUGCCUAAUAAAAAACAUUUAUUUUCAUUGCAAAGUUCCGCGUACGUACGGCGUC
1220187B1,hHBB_10388774_Twist_1_hHBB,BioAnalyzer,Nluc-final24-PSU,1,880,0.55437,0.02428,GGGACAUUUGCUUCUGACACAACUGUGUUCACUAGCAACCUCAAACAGACACCAUGGCCGUCUAUCCAUACGACGUACCCGAUUACGCUGGCUAUCCAUACGAUGUGCCUGAUUAUGCAGGAUCAUACCCCUACGACGUACCGGAUUAUGCCGGCAGUGGAGUGUUCACCCUCGAAGAUUUCGUGGGUGAUUGGAGGCAGACUGCGGGCUAUAACCUGGACCAGGUUCUUGAACAGGGUGGAGUGAGCUCCCUGUUCCAAAAUCUGGGAGUAAGUGUCACACCCAUACAGAGGAUUGUGCUCUCUGGAGAGAACGGACUGAAGAUAGACAUCCAUGUUAUCAUUCCUUACGAAGGUCUUAGCGGAGAUCAGAUGGGCCAGAUAGAAAAGAUUUUUAAGGUUGUCUACCCCGUGGAUGAUCACCAUUUUAAAGUGAUCCUGCAUUACGGCACCCUGGUGAUCGAUGGGGUGACUCCUAACAUGAUCGACUACUUUGGCCGCCCAUACGAGGGCAUCGCAGUUUUUGAUGGAAAGAAGAUCACAGUAACAGGCACUCUUUGGAACGGAAACAAAAUCAUCGACGAGAGGCUCAUUAACCCUGAUGGGUCCUUGCUCUUCCGAGUCACGAUAAACGGUGUCACAGGAUGGAGGCUGUGUGAAAGAAUUCUUGCCUAAUUCUAGAGCGGCCGCUUCGAGCUGGCACAAUCGCUGAUCUCACGCCGUGGUGAGCUCGCUUUCUUGCUGUCCAAUUUCUAUUAAAGGUUCCUUUGUUCCCUAAGUCCAACUACUAAACUGGGGGAUAUUAUGAAGGGCCUUGAGCAUCUGGAUUCUGCCUAAUAAAAAACAUUUAUUUUCAUUGCAAAGUUCCGCGUACGUACGGCGUC
1220188B1,hHBB_10388767_Genewiz_1_hHBB,BioAnalyzer,Nluc-final24-PSU,1,880,0.57979,0.02516,GGGACAUUUGCUUCUGACACAACUGUGUUCACUAGCAACCUCAAACAGACACCAUGGCCGUGUACCCCUACGACGUGCCCGACUACGCCGGCUACCCCUACGAUGUGCCCGACUACGCUGGCAGCUACCCUUACGACGUGCCCGACUAUGCCGGCUCCGGAGUGUUCACACUGGAGGACUUUGUGGGCGACUGGAGACAGACCGCCGGCUACAAUCUGGACCAAGUGCUGGAGCAAGGCGGCGUGAGCUCUCUGUUCCAGAAUCUGGGCGUGAGCGUGACCCCCAUCCAGAGGAUCGUGCUGAGCGGCGAGAAUGGACUGAAGAUCGACAUCCACGUGAUCAUCCCCUACGAGGGACUGAGCGGCGACCAGAUGGGCCAGAUCGAGAAGAUCUUCAAGGUGGUGUACCCCGUGGAUGACCACCACUUCAAGGUGAUCCUCCACUACGGCACACUGGUGAUCGAUGGCGUGACACCCAACAUGAUCGACUACUUUGGAAGACCUUACGAGGGCAUCGCCGUCUUCGAUGGCAAGAAGAUCACCGUGACCGGAACACUGUGGAACGGCAACAAGAUCAUCGACGAGAGGCUGAUCAACCCCGACGGCUCUCUGCUGUUUAGAGUGACCAUCAACGGCGUGACCGGCUGGAGACUGUGUGAGAGAAUUCUGGCCUGAUUCUAGAGCGGCCGCUUCGAGCACGCACAAUCGCUGAUCUCACGCCGUGGUGAGCUCGCUUUCUUGCUGUCCAAUUUCUAUUAAAGGUUCCUUUGUUCCCUAAGUCCAACUACUAAACUGGGGGAUAUUAUGAAGGGCCUUGAGCAUCUGGAUUCUGCCUAAUAAAAAACAUUUAUUUUCAUUGCAAAGUUCCGCGUACGUACGGCGUC
1220189B1,hHBB_10388753_IDT_1_hHBB,BioAnalyzer,Nluc-final24-PSU,1,880,0.47788,0.06114,GGGACAUUUGCUUCUGACACAACUGUGUUCACUAGCAACCUCAAACAGACACCAUGGCAGUUUAUCCUUACGAUGUUCCAGAUUAUGCAGGAUAUCCCUACGACGUUCCGGACUAUGCAGGCUCUUAUCCCUACGACGUGCCCGAUUACGCCGGCUCAGGAGUAUUUACUCUUGAGGACUUCGUCGGCGAUUGGCGGCAAACCGCAGGCUAUAAUCUCGACCAGGUGCUGGAGCAAGGUGGGGUCAGUAGUUUGUUCCAAAAUCUCGGGGUAAGUGUAACACCUAUACAGAGAAUAGUGCUCAGCGGGGAAAACGGCUUGAAAAUCGAUAUACACGUAAUCAUUCCAUACGAGGGUCUUUCUGGCGAUCAGAUGGGUCAAAUCGAAAAAAUUUUCAAAGUAGUCUAUCCGGUCGAUGACCAUCACUUCAAGGUUAUUCUUCAUUAUGGGACACUGGUGAUAGAUGGAGUCACACCUAACAUGAUUGAUUAUUUCGGGCGCCCCUAUGAGGGUAUAGCAGUUUUCGACGGGAAGAAGAUAACGGUGACAGGCACCCUCUGGAAUGGCAACAAGAUUAUCGACGAGAGAUUGAUAAACCCCGAUGGUUCCUUGCUUUUUCGCGUUACAAUUAAUGGUGUAACUGGAUGGAGACUUUGUGAACGCAUACUGGCAUAGUUCUAGAGCGGCCGCUUCGAGCCUGCACAAUCGCUGAUCUCACGCCGUGGUGAGCUCGCUUUCUUGCUGUCCAAUUUCUAUUAAAGGUUCCUUUGUUCCCUAAGUCCAACUACUAAACUGGGGGAUAUUAUGAAGGGCCUUGAGCAUCUGGAUUCUGCCUAAUAAAAAACAUUUAUUUUCAUUGCAAAGUUCCGCGUACGUACGGCGUC
1220190B1,hHBB_10405622_Eli_Fisker_s_Yellowstone_hHBB,BioAnalyzer,Nluc-final24-PSU,1,880,0.61079,0.03035,GGGACAUUUGCUUCUGACACAACUGUGUUCACUAGCAACCUCAAACAGACACCAUGGCCGUCUACCCAUACGAUGUACCAGACUACGCCGGCUACCCCUACGACGUCCCAGACUACGCAGGCUCCUACCCAUACGACGUCCCAGACUACGCAGGAUCAGGCGUCUUCACACUCGAAGACUUCGUUGGAGACUGGCGACAGACAGCCGGAUACAACCUAGACCAAGUCCUAGAGCAAGGAGGAGUAUCCAGUUUGUUCCAAAACCUCGGAGUCUCCGUAACACCAAUCCAAAGAAUAGUCCUAUCCGGAGAGAACGGAUUGAAGAUCGACAUCCACGUCAUCAUCCCGUACGAAGGCCUCAGCGGCGACCAAAUGGGCCAAAUCGAAAAGAUAUUCAAAGUAGUAUACCCAGUAGACGACCACCACUUCAAGGUAAUCCUCCACUACGGCACACUCGUAAUAGACGGGGUAACUCCAAACAUGAUCGACUACUUCGGGCGCCCCUACGAGGGCAUCGCCGUAUUCGAUGGCAAGAAGAUCACCGUAACAGGAACCCUAUGGAACGGCAACAAGAUUAUCGACGAACGUUUAAUCAACCCCGACGGCUCCCUACUAUUCCGAGUAACCAUCAACGGAGUCACCGGAUGGCGCCUCUGCGAACGAAUAUUGGCCUAAUUCUAGAGCGGCCGCUUCGAGCCACCACAAUCGCUGAUCUCACGCCGUGGUGAGCUCGCUUUCUUGCUGUCCAAUUUCUAUUAAAGGUUCCUUUGUUCCCUAAGUCCAACUACUAAACUGGGGGAUAUUAUGAAGGGCCUUGAGCAUCUGGAUUCUGCCUAAUAAAAAACAUUUAUUUUCAUUGCAAAGUUCCGCGUACGUACGGCGUC
1220191B1,hHBB_10415148_AB_Rhiju_Mod_3_hHBB,BioAnalyzer,Nluc-final24-PSU,1,880,0.21902,0.04185,GGGACAUUUGCUUCUGACACAACUGUGUUCACUAGCAACCUCAAACAGACACCAUGGCCGUGUAUCCAUACGACGUCCCGGAUUAUGCGGGGUACCCCUACGACGUCCCGGACUACGCCGGGAGCUAUCCGUACGAUGUUCCCGACUACGCCGGCUCGGGCGUGUUCACGCUCGAGGACUUCGUGGGGGACUGGAGGCAGACUGCUGGCUACAACCUGGACCAGGUGCUGGAACAGGGUGGAGUCAGCAGUCUGUUCCAGAACCUUGGAGUCUCGGUCACGCCCAUCCAGCGGAUAGUCCUCUCGGGGGAGAAUGGCCUGAAGAUAGACAUUCACGUCAUUAUCCCCUACGAGGGACUGUCCGGCGACCAGAUGGGCCAGAUCGAGAAGAUCUUCAAGGUUGUGUACCCCGUCGAUGAUCACCAUUUCAAGGUAAUCCUGCACUACGGCACCCUGGUGAUCGACGGCGUGACGCCCAACAUGAUCGACUACUUCGGGCGGCCGUAUGAGGGGAUAGCGGUGUUCGACGGUAAGAAGAUCACGGUCACCGGUACGCUUUGGAAUGGGAACAAGAUCAUCGACGAGCGCCUGAUUAAUCCGGACGGCUCGCUCCUCUUCCGGGUCACCAUCAACGGCGUGACCGGAUGGAGACUAUGCGAGCGGAUACUGGCCUAAUUCUAGAGCGGCCGCUUCGAGCAGCCACAAUCGCUGAUCUCACGCCGUGGUGAGCUCGCUUUCUUGCUGUCCAAUUUCUAUUAAAGGUUCCUUUGUUCCCUAAGUCCAACUACUAAACUGGGGGAUAUUAUGAAGGGCCUUGAGCAUCUGGAUUCUGCCUAAUAAAAAACAUUUAUUUUCAUUGCAAAGUUCCGCGUACGUACGGCGUC
1220192B1,hHBB_10417205_Jill's_mod_of_Clotho_2.0_hHBB,BioAnalyzer,Nluc-final24-PSU,1,880,0.24459,0.01666,GGGACAUUUGCUUCUGACACAACUGUGUUCACUAGCAACCUCAAACAGACACCAUGGCCGUCUAUCCUUACGACGUCCCAGAUUACGCCGGUUAUCCCUAUGAUGUCCCCGAUUAUGCGGGCUCCUAUCCGUAUGAUGUCCCGGAUUACGCCGGAAGCGGCGUAUUCACCCUGGAGGAUUUCGUAGGGGAUUGGCGGCAAACCGCCGGUUAUAACCUAGACCAAGUUCUGGAACAGGGAGGCGUAUCCUCCCUGUUCCAGAACCUCGGCGUGAGUGUGACCCCUAUUCAAAGGAUCGUACUCUCGGGAGAAAAUGGUCUAAAGAUAGAUAUUCAUGUCAUCAUCCCCUACGAAGGUCUUUCAGGGGACCAGAUGGGGCAGAUCGAGAAAAUCUUCAAGGUAGUAUAUCCUGUAGAUGAUCAUCAUUUUAAGGUUAUAUUACACUAUGGGACUCUCGUCAUCGAUGGCGUGACUCCCAACAUGAUAGAUUAUUUCGGUCGGCCUUAUGAGGGCAUAGCGGUCUUUGACGGUAAAAAGAUUACCGUCACAGGAACGCUAUGGAACGGGAACAAGAUUAUCGACGAAAGGUUGAUAAAUCCGGAUGGGAGCCUGCUAUUCAGGGUUACUAUCAACGGGGUGACCGGCUGGCGCCUGUGCGAGCGGAUACUAGCGUAAUUCUAGAGCGGCCGCUUCGAGCGUCCACAAUCGCUGAUCUCACGCCGUGGUGAGCUCGCUUUCUUGCUGUCCAAUUUCUAUUAAAGGUUCCUUUGUUCCCUAAGUCCAACUACUAAACUGGGGGAUAUUAUGAAGGGCCUUGAGCAUCUGGAUUCUGCCUAAUAAAAAACAUUUAUUUUCAUUGCAAAGUUCCGCGUACGUACGGCGUC
1220193B1,hHBB_10389218_Omei_1_DG2=158.7_5'UTR_20_unpaired_hHBB,BioAnalyzer,Nluc-final24-PSU,1,880,0.29626,0.02021,GGGACAUUUGCUUCUGACACAACUGUGUUCACUAGCAACCUCAAACAGACACCAUGGCCGUGUACCCGUACGAUGUGCCCGACUACGCCGGGUAUCCGUACGAUGUGCCGGAUUAUGCGGGUUCGUACCCGUAUGACGUUCCAGAUUAUGCCGGCUCUGGCGUCUUCACCCUCGAGGACUUCGUGGGUGACUGGCGCCAGACUGCCGGCUAUAAUCUGGACCAGGUUCUGGAGCAGGGGGGGGUGUCCUCCCUGUUCCAGAACCUGGGCGUCAGCGUGACGCCGAUCCAGCGCAUCGUACUGUCCGGCGAGAACGGGCUCAAGAUAGACAUUCACGUCAUUAUCCCUUACGAGGGGCUAUCCGGUGACCAGAUGGGGCAGAUAGAGAAGAUUUUCAAGGUGGUCUACCCCGUCGAUGAUCACCAUUUCAAGGUGAUCCUGCACUAUGGUACUCUUGUCAUCGACGGGGUGACCCCUAAUAUGAUCGACUACUUCGGUCGACCGUAUGAGGGGAUCGCCGUGUUCGAUGGCAAGAAGAUCACAGUGACAGGGACGCUUUGGAAUGGUAACAAGAUCAUCGACGAGCGGUUGAUCAACCCCGAUGGAAGUCUUCUCUUUCGUGUCACCAUCAACGGGGUCACCGGAUGGCGCCUUUGUGAGCGGAUACUGGCGUGAUUCUAGAGCGGCCGCUUCGAGCCGUCACAAUCGCUGAUCUCACGCCGUGGUGAGCUCGCUUUCUUGCUGUCCAAUUUCUAUUAAAGGUUCCUUUGUUCCCUAAGUCCAACUACUAAACUGGGGGAUAUUAUGAAGGGCCUUGAGCAUCUGGAUUCUGCCUAAUAAAAAACAUUUAUUUUCAUUGCAAAGUUCCGCGUACGUACGGCGUC
1220194B1,hHBB_10419549_BugacMan's_Lost_LD+finetuning_mod_Deg-2-ed_hHBB,BioAnalyzer,Nluc-final24-PSU,1,880,0.21915,0.00206,GGGACAUUUGCUUCUGACACAACUGUGUUCACUAGCAACCUCAAACAGACACCAUGGCCGUCUACCCGUACGAUGUGCCGGACUACGCCGGGUACCCGUAUGAUGUGCCCGAUUAUGCGGGUAGCUACCCGUAUGAUGUGCCGGAUUAUGCGGGGUCCGGCGUGUUCACGUUGGAGGACUUCGUCGGUGACUGGCGCCAGACGGCGGGGUAUAACCUUGACCAGGUUCUGGAGCAGGGCGGGGUGUCCUCGCUCUUCCAGAACCUCGGUGUGUCGGUGACGCCGAUACAGAGGAUCGUUCUGUCUGGCGAGAAUGGUCUCAAGAUAGACAUUCAUGUGAUCAUCCCGUAUGAGGGUCUGUCUGGGGACCAGAUGGGCCAGAUAGAGAAGAUCUUCAAGGUGGUCUAUCCGGUGGAUGACCACCACUUCAAGGUUAUACUCCACUACGGGACGCUGGUCAUCGACGGGGUCACUCCGAACAUGAUCGAUUAUUUUGGCCGUCCCUACGAGGGCAUAGCGGUCUUUGACGGUAAGAAGAUUACCGUCACGGGCACGCUGUGGAACGGCAACAAGAUAAUCGACGAGCGGCUCAUCAACCCGGAUGGUAGUCUGCUCUUCCGGGUGACUAUCAACGGGGUGACGGGUUGGCGGCUGUGCGAGAGGAUUCUUGCGUGAUUCUAGAGCGGCCGCUUCGAGCGCUCACAAUCGCUGAUCUCACGCCGUGGUGAGCUCGCUUUCUUGCUGUCCAAUUUCUAUUAAAGGUUCCUUUGUUCCCUAAGUCCAACUACUAAACUGGGGGAUAUUAUGAAGGGCCUUGAGCAUCUGGAUUCUGCCUAAUAAAAAACAUUUAUUUUCAUUGCAAAGUUCCGCGUACGUACGGCGUC
1220195B1,hHBB_10415488_RLT-10_hHBB,BioAnalyzer,Nluc-final24-PSU,1,880,0.20752,0.00973,GGGACAUUUGCUUCUGACACAACUGUGUUCACUAGCAACCUCAAACAGACACCAUGGCGGUGUACCCGUAUGACGUGCCCGACUACGCGGGCUACCCGUACGAUGUGCCGGACUACGCGGGGUCGUACCCGUACGACGUUCCGGAUUAUGCCGGCAGCGGGGUCUUCACGCUUGAGGACUUCGUUGGCGACUGGCGGCAGACCGCCGGGUAUAAUCUGGACCAGGUUCUGGAGCAGGGGGGGGUGUCCUCCCUGUUCCAGAACCUGGGCGUCAGUGUGACCCCGAUCCAGCGCAUCGUGCUGUCCGGGGAGAACGGCCUCAAGAUCGAUAUCCAUGUUAUCAUUCCGUACGAGGGCCUGAGCGGCGAUCAGAUGGGGCAGAUCGAGAAGAUCUUCAAGGUGGUGUACCCCGUCGAUGACCACCAUUUCAAGGUGAUCCUUCACUAUGGGACGCUGGUCAUCGACGGGGUGACGCCAAACAUGAUAGAUUAUUUCGGUCGGCCCUAUGAGGGGAUCGCCGUUUUCGACGGUAAGAAGAUUACCGUGACGGGCACUCUGUGGAAUGGUAACAAGAUCAUCGAUGAGAGGCUGAUCAACCCGGACGGGAGCCUGCUGUUUCGGGUGACGAUCAACGGGGUCACGGGCUGGAGGCUGUGCGAGCGGAUUCUGGCCUGAUUCUAGAGCGGCCGCUUCGAGCCGGUACAAUCGCUGAUCUCACGCCGUGGUGAGCUCGCUUUCUUGCUGUCCAAUUUCUAUUAAAGGUUCCUUUGUUCCCUAAGUCCAACUACUAAACUGGGGGAUAUUAUGAAGGGCCUUGAGCAUCUGGAUUCUGCCUAAUAAAAAACAUUUAUUUUCAUUGCAAAGUUCCGCGUACGUACGGCGUC
1220196B1,hHBB_10419522_12_hHBB,BioAnalyzer,Nluc-final24-PSU,1,880,0.49068,0.06542,GGGACAUUUGCUUCUGACACAACUGUGUUCACUAGCAACCUCAAACAGACACCAUGGCCGUAUACCCGUACGAUGUUCCGGACUACGCAGGGUAUCCGUACGACGUGCCCGACUACGCGGGCUCGUACCCGUACGAUGUCCCGGAUUAUGCCGGCAGCGGCGUCUUCACCCUUGAGGACUUCGUGGGGGACUGGAGGCAGACCGCUGGGUAUAAUCUGGAUCAGGUUCUGGAGCAGGGGGGGGUGUCCUCCCUGUUCCAGAACCUGGGCGUGUCUGUGACGCCGAUCCAGCGCAUCGUGUUGUCGGGUGAGAACGGCCUGAAGAUAGACAUCCAUGUGAUCAUCCCGUAUGAGGGGCUCAGCGGGGAUCAGAUGGGUCAGAUCGAGAAGAUCUUCAAGGUCGUCUACCCGGUCGAUGAUCACCAUUUCAAGGUGAUCCUGCAUUACGGGACUUUGGUCAUCGACGGGGUAACGCCGAACAUGAUCGAUUACUUCGGCCGGCCCUACGAGGGGAUCGCGGUGUUCGAUGGCAAGAAGAUCACCGUGACCGGGACGCUUUGGAAUGGGAACAAGAUCAUCGACGAGCGGCUGAUCAACCCGGACGGGUCGCUCCUGUUCAGGGUGACGAUCAACGGUGUGACUGGGUGGCGGCUCUGCGAGCGCAUCCUGGCCUAGUUCUAGAGCGGCCGCUUCGAGCGCGUACAAUCGCUGAUCUCACGCCGUGGUGAGCUCGCUUUCUUGCUGUCCAAUUUCUAUUAAAGGUUCCUUUGUUCCCUAAGUCCAACUACUAAACUGGGGGAUAUUAUGAAGGGCCUUGAGCAUCUGGAUUCUGCCUAAUAAAAAACAUUUAUUUUCAUUGCAAAGUUCCGCGUACGUACGGCGUC
1220197B1,hHBB_10409421_BugacMan's_Worm_refined_Kagglestyle_hHBB,BioAnalyzer,Nluc-final24-PSU,1,880,0.32892,0.03466,GGGACAUUUGCUUCUGACACAACUGUGUUCACUAGCAACCUCAAACAGACACCAUGGCUGUCUAUCCUUAUGACGUUCCGGACUACGCCGGGUAUCCGUACGAUGUGCCGGAUUAUGCGGGGUCGUACCCGUACGACGUUCCGGAUUAUGCGGGGAGCGGCGUCUUCACGCUCGAGGACUUCGUCGGGGAUUGGAGGCAGACGGCUGGCUACAAUCUCGACCAGGUCCUCGAGCAAGGGGGCGUCAGCUCCCUGUUCCAGAACCUCGGUGUGAGUGUGACCCCGAUCCAGCGCAUCGUGCUGUCCGGCGAGAACGGUCUUAAGAUAGACAUCCACGUCAUUAUCCCUUACGAGGGGCUGUCCGGUGACCAGAUGGGGCAGAUAGAGAAGAUUUUCAAGGUGGUCUACCCCGUCGAUGAUCACCAUUUCAAGGUGAUCCUGCACUAUGGUACUCUUGUCAUCGAUGGCGUGACCCCUAAUAUGAUCGACUACUUUGGUCGGCCGUAUGAGGGGAUCGCGGUCUUCGAUGGCAAGAAAAUCACGGUGACGGGGACGCUUUGGAAUGGGAAUAAGAUCAUCGACGAGAGGUUGAUCAACCCAGAUGGGAGUCUACUCUUUCGGGUCACCAUCAAUGGGGUCACCGGGUGGCGCCUAUGUGAGAGGAUACUGGCGUAGUUCUAGAGCGGCCGCUUCGAGCGGCUACAAUCGCUGAUCUCACGCCGUGGUGAGCUCGCUUUCUUGCUGUCCAAUUUCUAUUAAAGGUUCCUUUGUUCCCUAAGUCCAACUACUAAACUGGGGGAUAUUAUGAAGGGCCUUGAGCAUCUGGAUUCUGCCUAAUAAAAAACAUUUAUUUUCAUUGCAAAGUUCCGCGUACGUACGGCGUC
1220198B1,hHBB_10396597_Astros-Brourd-Eli-mod3_hHBB,BioAnalyzer,Nluc-final24-PSU,1,880,0.47729,0.0737,GGGACAUUUGCUUCUGACACAACUGUGUUCACUAGCAACCUCAAACAGACACCAUGGCCGUCUACCCCUACGACGUGCCCGACUACGCCGGCUACCCCUACGAUGUCCCCGACUACGCCGGCAGCUAUCCGUACGACGUGCCGGAUUAUGCCGGCUCGGGGGUGUUCACCCUCGAGGACUUCGUGGGGGACUGGAGACAGACGGCCGGCUACAAUCUGGACCAAGUGCUGGAGCAAGGCGGCGUGAGCUCUCUGUUCCAGAAUCUGGGCGUGAGCGUGACCCCCAUCCAGAGGAUCGUGCUGAGCGGCGAGAACGGACUGAAGAUCGACAUCCACGUGAUCAUCCCUUACGAGGGACUGAGCGGCGACCAGAUGGGCCAGAUCGAGAAGAUCUUCAAGGUAGUGUACCCCGUGGAUGACCACCACUUCAAGGUGAUCCUCCACUACGGUACACUGGUGAUCGAUGGCGUGACGCCCAAUAUGAUCGACUACUUUGGUCGACCGUACGAGGGCAUCGCCGUCUUCGAUGGCAAGAAGAUCACCGUGACCGGUACACUGUGGAACGGCAACAAGAUCAUCGACGAGAGGCUGAUCAACCCCGACGGCUCUCUGCUGUUUAGAGUGACCAUCAACGGCGUGACCGGCUGGAGACUUUGUGAGAGGAUUCUGGCCUGAUUCUAGAGCGGCCGCUUCGAGCCGAAGCAAUCGCUGAUCUCACGCCGUGGUGAGCUCGCUUUCUUGCUGUCCAAUUUCUAUUAAAGGUUCCUUUGUUCCCUAAGUCCAACUACUAAACUGGGGGAUAUUAUGAAGGGCCUUGAGCAUCUGGAUUCUGCCUAAUAAAAAACAUUUAUUUUCAUUGCAAAGUUCCGCGUACGUACGGCGUC
1220199B1,hHBB_10422723_Ribotree_Random_degscoreall_1_hHBB,BioAnalyzer,Nluc-final24-PSU,1,880,0.39333,0.0606,GGGACAUUUGCUUCUGACACAACUGUGUUCACUAGCAACCUCAAACAGACACCAUGGCUGUUUAUCCGUACGACGUGCCGGAUUACGCGGGCUACCCAUACGAUGUUCCAGACUAUGCCGGUUCGUACCCGUAUGACGUGCCGGACUACGCGGGUAGCGGCGUGUUCACCCUGGAGGACUUCGUGGGGGACUGGCGGCAGACGGCUGGCUAUAAUUUGGACCAGGUUCUCGAACAGGGCGGCGUGUCGUCGCUGUUCCAAAACCUUGGGGUGUCGGUGACGCCGAUCCAGCGGAUCGUGCUGUCCGGCGAGAACGGUCUGAAGAUAGACAUCCAUGUCAUCAUCCCCUACGAGGGGCUUUCGGGGGACCAAAUGGGGCAAAUCGAGAAGAUCUUCAAGGUGGUGUACCCGGUGGACGACCACCACUUUAAGGUCAUUCUGCAUUAUGGGACACUCGUGAUUGACGGGGUGACCCCGAACAUGAUCGACUACUUCGGUAGGCCGUACGAGGGAAUAGCCGUUUUCGAUGGUAAGAAGAUCACCGUGACGGGGACCCUGUGGAACGGGAACAAGAUCAUCGACGAGCGGCUCAUUAACCCGGACGGCUCGCUCCUGUUCAGGGUCACCAUCAAUGGCGUAACGGGCUGGCGGUUGUGCGAGAGGAUACUGGCGUAGUUCUAGAGCGGCCGCUUCGAGCGCAAGCAAUCGCUGAUCUCACGCCGUGGUGAGCUCGCUUUCUUGCUGUCCAAUUUCUAUUAAAGGUUCCUUUGUUCCCUAAGUCCAACUACUAAACUGGGGGAUAUUAUGAAGGGCCUUGAGCAUCUGGAUUCUGCCUAAUAAAAAACAUUUAUUUUCAUUGCAAAGUUCCGCGUACGUACGGCGUC
1220200B1,hHBB_10422744_Ribotree_Random_degscore_1_hHBB,BioAnalyzer,Nluc-final24-PSU,1,880,0.51768,0.11797,GGGACAUUUGCUUCUGACACAACUGUGUUCACUAGCAACCUCAAACAGACACCAUGGCAGUUUAUCCCUACGACGUGCCGGACUAUGCGGGUUACCCGUACGACGUCCCAGACUAUGCUGGCUCGUAUCCCUACGACGUGCCCGAUUAUGCGGGGAGCGGGGUGUUCACCCUGGAGGACUUCGUUGGGGACUGGCGCCAGACGGCGGGCUACAACCUGGACCAGGUUCUGGAGCAGGGCGGCGUGUCGUCGCUGUUCCAGAACCUGGGGGUGUCGGUCACGCCGAUCCAGCGGAUCGUCCUCAGCGGGGAGAACGGUUUGAAAAUCGACAUCCACGUGAUCAUCCCGUAUGAGGGGCUGUCGGGGGACCAGAUGGGCCAGAUCGAGAAGAUCUUCAAGGUGGUGUAUCCGGUGGAUGACCACCACUUUAAGGUCAUCUUGCAUUAUGGGACGUUGGUGAUCGAUGGGGUCACGCCGAACAUGAUCGAUUAUUUCGGGCGGCCCUACGAGGGGAUAGCUGUCUUCGACGGGAAGAAGAUCACGGUGACCGGCACGUUGUGGAACGGCAACAAGAUCAUCGAUGAGCGGCUCAUCAACCCGGACGGCAGCCUGCUGUUCCGGGUGACGAUCAACGGCGUGACGGGGUGGCGCUUGUGCGAGCGCAUCCUGGCAUGAUUCUAGAGCGGCCGCUUCGAGCCAGAGCAAUCGCUGAUCUCACGCCGUGGUGAGCUCGCUUUCUUGCUGUCCAAUUUCUAUUAAAGGUUCCUUUGUUCCCUAAGUCCAACUACUAAACUGGGGGAUAUUAUGAAGGGCCUUGAGCAUCUGGAUUCUGCCUAAUAAAAAACAUUUAUUUUCAUUGCAAAGUUCCGCGUACGUACGGCGUC
1220201B1,hHBB_10422764_Ribotree_LinearDesign_degscoreall_1_hHBB,BioAnalyzer,Nluc-final24-PSU,1,880,0.22505,0.04856,GGGACAUUUGCUUCUGACACAACUGUGUUCACUAGCAACCUCAAACAGACACCAUGGCUGUUUAUCCAUACGACGUGCCCGACUACGCGGGGUACCCGUACGACGUGCCCGAUUAUGCUGGGAGUUACCCCUACGAUGUUCCGGAUUAUGCCGGGUCUGGCGUGUUCACCCUCGAGGACUUCGUGGGGGACUGGCGCCAGACCGCGGGGUAUAAUCUGGACCAGGUUCUGGAGCAAGGGGGCGUGAGCUCCCUGUUCCAGAACCUGGGUGUGUCCGUUACCCCGAUUCAGCGCAUCGUGCUGAGCGGGGAGAACGGGCUCAAGAUCGACAUCCACGUGAUAAUACCAUAUGAGGGGUUGUCGGGCGACCAGAUGGGCCAGAUUGAAAAGAUUUUCAAGGUGGUCUAUCCGGUCGACGACCACCACUUCAAGGUGAUAUUGCAUUACGGGACGUUGGUCAUCGACGGGGUGACUCCCAACAUGAUCGAUUACUUCGGGCGCCCGUACGAGGGUAUCGCCGUGUUCGACGGCAAGAAGAUCACCGUCACCGGGACCCUGUGGAAUGGUAACAAGAUAAUAGACGAGCGGCUCAUCAACCCGGAUGGGUCGCUGCUGUUUCGUGUUACCAUUAACGGGGUCACCGGGUGGCGGCUGUGCGAGAGGAUUCUCGCGUAGUUCUAGAGCGGCCGCUUCGAGCUGGAGCAAUCGCUGAUCUCACGCCGUGGUGAGCUCGCUUUCUUGCUGUCCAAUUUCUAUUAAAGGUUCCUUUGUUCCCUAAGUCCAACUACUAAACUGGGGGAUAUUAUGAAGGGCCUUGAGCAUCUGGAUUCUGCCUAAUAAAAAACAUUUAUUUUCAUUGCAAAGUUCCGCGUACGUACGGCGUC
1220202B1,hHBB_10422784_Ribotree_LinearDesign_degscore_1_hHBB,BioAnalyzer,Nluc-final24-PSU,1,880,0.29058,0.02235,GGGACAUUUGCUUCUGACACAACUGUGUUCACUAGCAACCUCAAACAGACACCAUGGCUGUUUAUCCUUACGACGUGCCCGACUACGCGGGGUACCCGUACGACGUACCCGAUUAUGCUGGGAGUUACCCCUACGAUGUUCCGGAUUAUGCCGGGUCUGGCGUGUUCACCCUCGAAGACUUCGUGGGGGACUGGCGCCAGACCGCGGGGUAUAAUCUGGACCAGGUUCUGGAGCAAGGGGGCGUGAGCUCCCUGUUCCAGAACCUGGGUGUGUCCGUUACCCCGAUUCAGCGCAUCGUGCUGAGCGGGGAGAACGGGCUCAAGAUCGACAUCCACGUGAUAAUCCCCUAUGAGGGGCUGAGCGGCGACCAGAUGGGCCAGAUCGAGAAGAUCUUCAAGGUGGUCUAUCCGGUCGACGAUCACCACUUCAAGGUGAUCCUGCAUUACGGGACGUUGGUCAUCGACGGGGUGACUCCCAACAUGAUCGACUACUUCGGGCGCCCGUACGAGGGUAUCGCCGUGUUCGACGGUAAGAAGAUCACCGUCACCGGGACCCUGUGGAAUGGGAACAAGAUCAUAGACGAGCGGCUGAUCAAUCCGGAUGGGUCGCUGCUGUUUAGGGUCACCAUUAACGGGGUCACCGGGUGGCGGCUCUGCGAGAGAAUUCUCGCGUAGUUCUAGAGCGGCCGCUUCGAGCACGAGCAAUCGCUGAUCUCACGCCGUGGUGAGCUCGCUUUCUUGCUGUCCAAUUUCUAUUAAAGGUUCCUUUGUUCCCUAAGUCCAACUACUAAACUGGGGGAUAUUAUGAAGGGCCUUGAGCAUCUGGAUUCUGCCUAAUAAAAAACAUUUAUUUUCAUUGCAAAGUUCCGCGUACGUACGGCGUC
1220203B1,hHBB_10422804_Ribotree_LinearDesign_sup_1_hHBB,BioAnalyzer,Nluc-final24-PSU,1,880,0.28198,0.00956,GGGACAUUUGCUUCUGACACAACUGUGUUCACUAGCAACCUCAAACAGACACCAUGGCUGUUUAUCCCUAUGAUGUUCCCGACUACGCGGGAUACCCGUACGACGUCCCCGAUUAUGCUGGGAGUUACCCGUACGAUGUUCCAGAUUAUGCCGGGUCUGGCGUCUUCACCCUCGAAGACUUCGUGGGUGAUUGGCGCCAGACAGCCGGCUAUAAUCUGGACCAGGUUCUGGAACAAGGGGGCGUGAGCUCCCUGUUCCAGAACCUGGGUGUGUCCGUUACUCCCAUUCAGCGCAUUGUGCUGAGUGGUGAGAACGGACUCAAGAUCGACAUCCACGUAAUUAUCCCUUAUGAAGGGUUGUCGGGCGACCAGAUGGGCCAGAUUGAAAAAAUUUUCAAGGUGGUCUAUCCGGUCGACGACCACCACUUCAAGGUGAUAUUGCAUUACGGGACGUUGGUCAUCGACGGUGUAACUCCCAACAUGAUCGAUUACUUCGGACGUCCGUACGAAGGUAUCGCCGUGUUUGACGGGAAGAAGAUCACCGUCACCGGGACCCUGUGGAAUGGUAACAAGAUAAUAGAUGAGCGACUCAUCAACCCUGAUGGGUCGCUCCUAUUUCGUGUUACCAUUAACGGGGUCACCGGUUGGCGGCUAUGCGAGAGGAUUCUCGCAUAGUUCUAGAGCGGCCGCUUCGAGCGUGAGCAAUCGCUGAUCUCACGCCGUGGUGAGCUCGCUUUCUUGCUGUCCAAUUUCUAUUAAAGGUUCCUUUGUUCCCUAAGUCCAACUACUAAACUGGGGGAUAUUAUGAAGGGCCUUGAGCAUCUGGAUUCUGCCUAAUAAAAAACAUUUAUUUUCAUUGCAAAGUUCCGCGUACGUACGGCGUC
1220204B1,hHBB_10422827_Ribotree_Random_sup_1_hHBB,BioAnalyzer,Nluc-final24-PSU,1,880,0.39614,0.0299,GGGACAUUUGCUUCUGACACAACUGUGUUCACUAGCAACCUCAAACAGACACCAUGGCAGUUUACCCCUACGACGUCCCCGAUUACGCAGGCUAUCCCUACGACGUGCCAGAUUAUGCGGGGUCAUAUCCAUACGAUGUACCAGAUUAUGCCGGUAGUGGAGUAUUCACCUUGGAAGAUUUCGUCGGGGACUGGAGACAGACCGCAGGGUACAACCUUGACCAAGUUUUGGAACAGGGUGGCGUCAGCUCCCUGUUCCAAAACUUGGGUGUCAGCGUGACACCCAUACAGCGAAUAGUUUUAAGCGGGGAGAACGGUUUAAAAAUCGAUAUCCACGUAAUUAUUCCGUAUGAGGGCCUGUCUGGGGACCAGAUGGGCCAGAUCGAGAAGAUCUUCAAGGUUGUAUACCCUGUCGACGAUCAUCAUUUCAAGGUGAUACUCCACUACGGCACUCUGGUCAUCGAUGGAGUGACCCCGAACAUGAUCGACUAUUUUGGUCGGCCGUACGAAGGGAUAGCUGUGUUCGAUGGGAAGAAGAUAACCGUCACCGGGACGCUCUGGAACGGUAAUAAAAUUAUCGACGAGAGGUUGAUUAACCCGGACGGCAGCCUGCUGUUCCGGGUUACAAUCAACGGCGUCACCGGUUGGCGGUUAUGCGAGAGAAUUCUCGCGUAGUUCUAGAGCGGCCGCUUCGAGCGACAGCAAUCGCUGAUCUCACGCCGUGGUGAGCUCGCUUUCUUGCUGUCCAAUUUCUAUUAAAGGUUCCUUUGUUCCCUAAGUCCAACUACUAAACUGGGGGAUAUUAUGAAGGGCCUUGAGCAUCUGGAUUCUGCCUAAUAAAAAACAUUUAUUUUCAUUGCAAAGUUCCGCGUACGUACGGCGUC
1220205B1,hHBB_10422746_Ribotree_BT_winner_random_degscore_2_hHBB,BioAnalyzer,Nluc-final24-PSU,1,880,0.44227,0.08048,GGGACAUUUGCUUCUGACACAACUGUGUUCACUAGCAACCUCAAACAGACACCAUGGCAGUUUAUCCUUACGACGUCCCGGACUACGCCGGCUACCCGUAUGACGUGCCCGAUUAUGCGGGUAGCUACCCGUAUGACGUGCCCGAUUAUGCGGGUAGCGGCGUAUUCACCUUGGAGGACUUCGUGGGUGACUGGCGGCAGACCGCGGGGUACAACCUCGACCAGGUUCUGGAGCAGGGGGGGGUCUCCUCCCUGUUCCAGAACCUGGGGGUCUCCGUCACACCGAUCCAGCGGAUCGUGCUGUCUGGGGAGAACGGUCUCAAGAUAGACAUCCACGUCAUCAUCCCGUACGAGGGUCUCUCGGGGGACCAGAUGGGGCAGAUCGAGAAGAUCUUCAAGGUGGUCUACCCCGUUGAUGAUCACCAUUUUAAGGUCAUUCUGCAUUACGGGACUCUUGUCAUCGACGGGGUGACCCCGAACAUGAUCGACUACUUUGGUAGGCCGUACGAGGGUAUCGCCGUGUUCGAUGGCAAGAAGAUCACCGUGACGGGUACCCUGUGGAAUGGCAAUAAGAUCAUAGACGAGAGGCUGAUCAAUCCGGAUGGUAGCCUCUUGUUUAGGGUGACCAUCAACGGGGUAACGGGGUGGCGUCUGUGCGAGAGGAUUCUCGCGUAGUUCUAGAGCGGCCGCUUCGAGCAGCAGCAAUCGCUGAUCUCACGCCGUGGUGAGCUCGCUUUCUUGCUGUCCAAUUUCUAUUAAAGGUUCCUUUGUUCCCUAAGUCCAACUACUAAACUGGGGGAUAUUAUGAAGGGCCUUGAGCAUCUGGAUUCUGCCUAAUAAAAAACAUUUAUUUUCAUUGCAAAGUUCCGCGUACGUACGGCGUC
1220206B1,hHBB_10422776_RiboTree_Nullrecurrent_winner_LinearDesign_degscoreall_7_hHBB,BioAnalyzer,Nluc-final24-PSU,1,880,0.33432,0.00946,GGGACAUUUGCUUCUGACACAACUGUGUUCACUAGCAACCUCAAACAGACACCAUGGCUGUUUAUCCGUACGACGUCCCGGACUACGCGGGGUACCCGUACGACGUCCCCGAUUAUGCUGGGAGUUACCCCUACGAUGUUCCGGAUUAUGCCGGGUCUGGCGUCUUCACCCUCGAGGACUUCGUGGGUGACUGGCGCCAGACCGCGGGGUAUAAUCUGGACCAGGUUCUGGAGCAAGGGGGCGUGAGCUCCCUGUUCCAGAACCUGGGUGUGUCCGUUACCCCCAUUCAGCGCAUAGUGCUGAGUGGGGAGAACGGACUCAAGAUCGACAUCCACGUGAUCAUCCCCUAUGAGGGGUUGUCGGGCGACCAGAUGGGCCAGAUUGAAAAGAUUUUCAAGGUGGUCUAUCCGGUCGACGACCACCACUUCAAGGUGAUCCUGCAUUACGGGACGUUGGUCAUCGACGGGGUGACUCCCAACAUGAUCGACUACUUCGGGCGUCCGUACGAGGGUAUCGCGGUGUUCGACGGCAAGAAGAUCACCGUCACCGGGACCCUGUGGAAUGGUAACAAGAUAAUAGACGAGCGGCUCAUCAACCCGGAUGGGUCGCUGCUGUUUCGUGUUACCAUUAACGGGGUCACCGGGUGGCGGCUGUGCGAGAGGAUUCUCGCGUAGUUCUAGAGCGGCCGCUUCGAGCUCCAGCAAUCGCUGAUCUCACGCCGUGGUGAGCUCGCUUUCUUGCUGUCCAAUUUCUAUUAAAGGUUCCUUUGUUCCCUAAGUCCAACUACUAAACUGGGGGAUAUUAUGAAGGGCCUUGAGCAUCUGGAUUCUGCCUAAUAAAAAACAUUUAUUUUCAUUGCAAAGUUCCGCGUACGUACGGCGUC